{"cameraMode":{"drawMode":0,"name":"Shaded","section":"Shading Mode"},"sceneLighting":true,"audioPlay":false,"sceneViewState":{"showFog":true,"showMaterialUpdate":true,"showSkybox":false,"showFlares":true,"showImageEffects":true,"showParticleSystems":true,"showVisualEffectGraphs":true,"m_FxEnabled":true},"in2DMode":false,"pivot":{"x":-5.282421112060547,"y":8.60653305053711,"z":-15.40974235534668},"rotation":{"x":-0.008999819867312909,"y":0.000620385748334229,"z":-0.000006991874670347897,"w":-0.999965488910675},"size":9.317464828491211,"orthographic":false}