{"cameraMode":{"drawMode":0,"name":"Shaded","section":"Shading Mode"},"sceneLighting":false,"audioPlay":false,"sceneViewState":{"showFog":true,"showMaterialUpdate":false,"showSkybox":true,"showFlares":true,"showImageEffects":true,"showParticleSystems":true},"in2DMode":false,"pivot":{"x":-24.352582931518556,"y":2.9735264778137209,"z":10.484840393066407},"rotation":{"x":-0.1553051620721817,"y":0.15109273791313172,"z":-0.024043824523687364,"w":-0.9759470820426941},"size":11.092363357543946,"orthographic":false}