{"cameraMode":{"drawMode":0,"name":"Shaded","section":"Shading Mode"},"sceneLighting":true,"audioPlay":false,"sceneViewState":{"showFog":true,"showMaterialUpdate":false,"showSkybox":true,"showFlares":true,"showImageEffects":true,"showParticleSystems":true},"in2DMode":false,"pivot":{"x":-6.255170822143555,"y":13.93508529663086,"z":-13.099418640136719},"rotation":{"x":0.37996622920036318,"y":-0.005378421396017075,"z":0.002522131660953164,"w":0.925137996673584},"size":10.0,"orthographic":false}