{"cameraMode":{"drawMode":0,"name":"Shaded","section":"Shading Mode"},"sceneLighting":false,"audioPlay":false,"sceneViewState":{"showFog":true,"showMaterialUpdate":true,"showSkybox":false,"showFlares":true,"showImageEffects":true,"showParticleSystems":true},"in2DMode":false,"pivot":{"x":-2.384185791015625e-7,"y":4.972352981567383,"z":0.4106522798538208},"rotation":{"x":0.08518631756305695,"y":0.8777779340744019,"z":-0.17010898888111115,"w":0.43973881006240847},"size":1.2314376831054688,"orthographic":false}