{"cameraMode":{"drawMode":0,"name":"Shaded","section":"Shading Mode"},"sceneLighting":true,"audioPlay":false,"sceneViewState":{"showFog":true,"showMaterialUpdate":false,"showSkybox":true,"showFlares":true,"showImageEffects":true,"showParticleSystems":true},"in2DMode":false,"pivot":{"x":14.75,"y":2.989999771118164,"z":18.440000534057618},"rotation":{"x":-0.2610546946525574,"y":0.2793410122394562,"z":-0.0792107805609703,"w":-0.9206230044364929},"size":4.330127239227295,"orthographic":false}