{"cameraMode":{"drawMode":0,"name":"Shaded","section":"Shading Mode"},"sceneLighting":false,"audioPlay":false,"sceneViewState":{"showFog":true,"showMaterialUpdate":true,"showSkybox":true,"showFlares":true,"showImageEffects":true,"showParticleSystems":true},"in2DMode":false,"pivot":{"x":-6.393739700317383,"y":13.668001174926758,"z":-3.417210102081299},"rotation":{"x":0.1559581458568573,"y":0.09718853235244751,"z":-0.00804685428738594,"w":0.9851414561271668},"size":2.917666435241699,"orthographic":false}