{"cameraMode":{"drawMode":0,"name":"Shaded","section":"Shading Mode"},"sceneLighting":false,"audioPlay":false,"sceneViewState":{"showFog":true,"showMaterialUpdate":true,"showSkybox":false,"showFlares":true,"showImageEffects":true,"showParticleSystems":true},"in2DMode":false,"pivot":{"x":523.8577270507813,"y":83.6282958984375,"z":-124.0089111328125},"rotation":{"x":0.022393330931663514,"y":0.9772437214851379,"z":-0.16213367879390717,"w":0.13514553010463715},"size":482.4337158203125,"orthographic":false}