{"cameraMode":{"drawMode":0,"name":"Shaded","section":"Shading Mode"},"sceneLighting":true,"audioPlay":false,"sceneViewState":{"showFog":true,"showMaterialUpdate":false,"showSkybox":true,"showFlares":true,"showImageEffects":true,"showParticleSystems":true},"in2DMode":false,"pivot":{"x":397.2633361816406,"y":-75.39749145507813,"z":295.9908447265625},"rotation":{"x":-0.1916726976633072,"y":0.09610623866319657,"z":-0.01886310987174511,"w":-0.9765600562095642},"size":669.0050659179688,"orthographic":false}