{"cameraMode":{"drawMode":0,"name":"Shaded","section":"Shading Mode"},"sceneLighting":true,"audioPlay":false,"sceneViewState":{"showFog":true,"showMaterialUpdate":false,"showSkybox":true,"showFlares":true,"showImageEffects":true,"showParticleSystems":true},"in2DMode":false,"pivot":{"x":-1.3180663585662842,"y":-2.0176122188568117,"z":-13.40533447265625},"rotation":{"x":0.37457233667373659,"y":0.2289084941148758,"z":-0.1062099039554596,"w":0.8936113119125366},"size":17.867189407348634,"orthographic":false}