{"cameraMode":{"drawMode":0,"name":"Shaded","section":"Shading Mode"},"sceneLighting":true,"audioPlay":false,"sceneViewState":{"showFog":true,"showMaterialUpdate":true,"showSkybox":true,"showFlares":true,"showImageEffects":true,"showParticleSystems":true},"in2DMode":false,"pivot":{"x":0.8467590808868408,"y":7.6481451988220219,"z":5.383308410644531},"rotation":{"x":-0.22162997722625733,"y":-0.5864267349243164,"z":0.16511234641075135,"w":-0.7631610631942749},"size":1.8042519092559815,"orthographic":false}