{"cameraMode":{"drawMode":0,"name":"Shaded","section":"Shading Mode"},"sceneLighting":true,"audioPlay":false,"sceneViewState":{"showFog":true,"showMaterialUpdate":true,"showSkybox":true,"showFlares":true,"showImageEffects":true,"showParticleSystems":true},"in2DMode":false,"pivot":{"x":-2.7256288528442385,"y":-0.12696361541748048,"z":-13.754642486572266},"rotation":{"x":-0.12046290189027786,"y":-0.19429853558540345,"z":0.01957124099135399,"w":-0.9747113585472107},"size":18.103296279907228,"orthographic":false}