{"cameraMode":{"drawMode":0,"name":"Shaded","section":"Shading Mode"},"sceneLighting":true,"audioPlay":false,"sceneViewState":{"showFog":true,"showMaterialUpdate":true,"showSkybox":false,"showFlares":true,"showImageEffects":true,"showParticleSystems":true},"in2DMode":false,"pivot":{"x":-13.871822357177735,"y":-13.014314651489258,"z":-9.937353134155274},"rotation":{"x":0.07135631144046784,"y":0.9250867366790772,"z":-0.19369475543498994,"w":0.32291293144226076},"size":4.6319475173950199,"orthographic":false}