{"cameraMode":{"drawMode":0,"name":"Shaded","section":"Shading Mode"},"sceneLighting":false,"audioPlay":false,"sceneViewState":{"showFog":true,"showMaterialUpdate":true,"showSkybox":true,"showFlares":true,"showImageEffects":true,"showParticleSystems":true},"in2DMode":false,"pivot":{"x":-9.218557357788086,"y":1.5797462463378907,"z":-0.03760337829589844},"rotation":{"x":0.2540260851383209,"y":0.024226270616054536,"z":-0.0075684054754674438,"w":0.9674696326255798},"size":16.241748809814454,"orthographic":false}