{"cameraMode":{"drawMode":0,"name":"Shaded","section":"Shading Mode"},"sceneLighting":true,"audioPlay":false,"sceneViewState":{"showFog":true,"showMaterialUpdate":true,"showSkybox":true,"showFlares":true,"showImageEffects":true,"showParticleSystems":true},"in2DMode":false,"pivot":{"x":-6.7014241218566898,"y":3.4266979694366457,"z":-9.140913009643555},"rotation":{"x":-0.11572332680225373,"y":0.004001950845122337,"z":-0.011738806031644345,"w":-0.9953597187995911},"size":3.0346274375915529,"orthographic":false}