{"cameraMode":{"drawMode":0,"name":"Shaded","section":"Shading Mode"},"sceneLighting":false,"audioPlay":false,"sceneViewState":{"showFog":true,"showMaterialUpdate":true,"showSkybox":true,"showFlares":true,"showImageEffects":true,"showParticleSystems":true},"in2DMode":false,"pivot":{"x":2.646817684173584,"y":5.477283477783203,"z":5.07568359375},"rotation":{"x":0.25010189414024355,"y":-0.20349864661693574,"z":0.05267965793609619,"w":0.9457446336746216},"size":3.6477155685424806,"orthographic":false}