{"cameraMode":{"drawMode":0,"name":"Shaded","section":"Shading Mode"},"sceneLighting":true,"audioPlay":false,"sceneViewState":{"showFog":true,"showMaterialUpdate":true,"showSkybox":true,"showFlares":true,"showImageEffects":true,"showParticleSystems":true},"in2DMode":false,"pivot":{"x":-8.673394203186036,"y":2.542736768722534,"z":-11.863603591918946},"rotation":{"x":-0.1518530696630478,"y":0.7230554819107056,"z":-0.17453433573246003,"w":-0.6529781818389893},"size":0.904251754283905,"orthographic":false}