{"cameraMode":{"drawMode":0,"name":"Shaded","section":"Shading Mode"},"sceneLighting":false,"audioPlay":false,"sceneViewState":{"showFog":true,"showMaterialUpdate":false,"showSkybox":true,"showFlares":true,"showImageEffects":true,"showParticleSystems":true},"in2DMode":false,"pivot":{"x":22.853708267211915,"y":2.1071159839630129,"z":-7.962888717651367},"rotation":{"x":-0.10033833980560303,"y":-0.6976931095123291,"z":0.0996774435043335,"w":-0.702303409576416},"size":1.8754819631576539,"orthographic":false}