{"cameraMode":{"drawMode":0,"name":"Shaded","section":"Shading Mode"},"sceneLighting":true,"audioPlay":false,"sceneViewState":{"showFog":true,"showMaterialUpdate":true,"showSkybox":true,"showFlares":true,"showImageEffects":true,"showParticleSystems":true},"in2DMode":false,"pivot":{"x":-0.2752504348754883,"y":5.528268814086914,"z":-13.248588562011719},"rotation":{"x":-0.12046290189027786,"y":-0.19429853558540345,"z":0.01957124099135399,"w":-0.9747113585472107},"size":18.879634857177736,"orthographic":false}