{"cameraMode":{"drawMode":0,"name":"Shaded","section":"Shading Mode"},"sceneLighting":true,"audioPlay":false,"sceneViewState":{"showFog":true,"showMaterialUpdate":false,"showSkybox":true,"showFlares":true,"showImageEffects":true,"showParticleSystems":true},"in2DMode":false,"pivot":{"x":-4.676682472229004,"y":6.0783538818359379,"z":12.77012825012207},"rotation":{"x":-0.23881661891937257,"y":-0.09798182547092438,"z":0.02422705478966236,"w":-0.9658082723617554},"size":17.93977165222168,"orthographic":false}