{"cameraMode":{"drawMode":0,"name":"Shaded","section":"Shading Mode"},"sceneLighting":true,"audioPlay":false,"sceneViewState":{"showFog":true,"showMaterialUpdate":true,"showSkybox":true,"showFlares":true,"showImageEffects":true,"showParticleSystems":true},"in2DMode":false,"pivot":{"x":26.18539047241211,"y":-10.198957443237305,"z":20.791824340820314},"rotation":{"x":-0.14090882241725923,"y":-0.3847159445285797,"z":0.04814395308494568,"w":-0.9132673144340515},"size":44.481319427490237,"orthographic":false}