{"cameraMode":{"drawMode":0,"name":"Shaded","section":"Shading Mode"},"sceneLighting":false,"audioPlay":false,"sceneViewState":{"showFog":false,"showMaterialUpdate":false,"showSkybox":false,"showFlares":false,"showImageEffects":false,"showParticleSystems":false},"in2DMode":false,"pivot":{"x":-0.1943812370300293,"y":0.27297037839889529,"z":1.0937013626098633},"rotation":{"x":0.08365386724472046,"y":0.6340612769126892,"z":-0.07088661193847656,"w":0.7661954760551453},"size":2.4042515754699709,"orthographic":false}