{"cameraMode":{"drawMode":0,"name":"Shaded","section":"Shading Mode"},"sceneLighting":false,"audioPlay":false,"sceneViewState":{"showFog":true,"showMaterialUpdate":true,"showSkybox":false,"showFlares":true,"showImageEffects":true,"showParticleSystems":true},"in2DMode":false,"pivot":{"x":3.752391815185547,"y":-0.22692203521728517,"z":8.258464813232422},"rotation":{"x":-0.14379172027111054,"y":-0.2166115939617157,"z":0.03229425102472305,"w":-0.9651029706001282},"size":5.040262222290039,"orthographic":false}