{"cameraMode":{"drawMode":0,"name":"Shaded","section":"Shading Mode"},"sceneLighting":false,"audioPlay":false,"sceneViewState":{"showFog":true,"showMaterialUpdate":true,"showSkybox":false,"showFlares":true,"showImageEffects":true,"showParticleSystems":true},"in2DMode":false,"pivot":{"x":342.6822204589844,"y":282.9017028808594,"z":-96.22543334960938},"rotation":{"x":-0.0011794156162068248,"y":0.996577799320221,"z":-0.08181003481149674,"w":-0.014034232124686242},"size":201.74960327148438,"orthographic":false}