{"cameraMode":{"drawMode":0,"name":"Shaded","section":"Shading Mode"},"sceneLighting":true,"audioPlay":false,"sceneViewState":{"showFog":true,"showMaterialUpdate":false,"showSkybox":true,"showFlares":true,"showImageEffects":true,"showParticleSystems":true},"in2DMode":false,"pivot":{"x":34.699920654296878,"y":6.922334671020508,"z":10.783193588256836},"rotation":{"x":-0.00914029125124216,"y":-0.9885340929031372,"z":0.13518278300762177,"w":-0.06683627516031265},"size":14.118729591369629,"orthographic":false}