{"cameraMode":{"drawMode":0,"name":"Shaded","section":"Shading Mode"},"sceneLighting":true,"audioPlay":false,"sceneViewState":{"showFog":true,"showMaterialUpdate":true,"showSkybox":true,"showFlares":true,"showImageEffects":true,"showParticleSystems":true},"in2DMode":false,"pivot":{"x":20.27324676513672,"y":1.2333908081054688,"z":13.327486038208008},"rotation":{"x":0.17130406200885774,"y":0.17150475084781648,"z":-0.020662231370806695,"w":0.9721431136131287},"size":25.469745635986329,"orthographic":false}