{"cameraMode":{"drawMode":0,"name":"Shaded","section":"Shading Mode"},"sceneLighting":false,"audioPlay":false,"sceneViewState":{"showFog":true,"showMaterialUpdate":true,"showSkybox":true,"showFlares":true,"showImageEffects":true,"showParticleSystems":true},"in2DMode":false,"pivot":{"x":-4.961549758911133,"y":32.35954666137695,"z":-26.956907272338868},"rotation":{"x":0.4352588355541229,"y":-0.052945684641599658,"z":0.02675609290599823,"w":0.901174008846283},"size":1.699413537979126,"orthographic":false}