{"cameraMode":{"drawMode":0,"name":"Shaded","section":"Shading Mode"},"sceneLighting":true,"audioPlay":false,"sceneViewState":{"showFog":true,"showMaterialUpdate":false,"showSkybox":true,"showFlares":true,"showImageEffects":true,"showParticleSystems":true},"in2DMode":false,"pivot":{"x":540.5578002929688,"y":204.553466796875,"z":436.4803466796875},"rotation":{"x":-0.05397196486592293,"y":0.10673496872186661,"z":-0.005802462343126535,"w":-0.9928045272827148},"size":430.7909240722656,"orthographic":false}