{"cameraMode":{"drawMode":0,"name":"Shaded","section":"Shading Mode"},"sceneLighting":true,"audioPlay":false,"sceneViewState":{"showFog":true,"showMaterialUpdate":true,"showSkybox":true,"showFlares":true,"showImageEffects":true,"showParticleSystems":true},"in2DMode":false,"pivot":{"x":21.76470947265625,"y":-3.681746006011963,"z":11.485675811767579},"rotation":{"x":-0.09615033119916916,"y":-0.3728243410587311,"z":0.02716846764087677,"w":-0.924802303314209},"size":27.288143157958986,"orthographic":false}