{"cameraMode":{"drawMode":0,"name":"Shaded","section":"Shading Mode"},"sceneLighting":false,"audioPlay":false,"sceneViewState":{"showFog":true,"showMaterialUpdate":false,"showSkybox":false,"showFlares":true,"showImageEffects":true,"showParticleSystems":true},"in2DMode":false,"pivot":{"x":4.4723734855651859,"y":3.3792724609375,"z":-0.3518877625465393},"rotation":{"x":-0.08064856380224228,"y":0.9193263053894043,"z":-0.27625250816345217,"w":-0.26842865347862246},"size":5.195173740386963,"orthographic":false}