{"cameraMode":{"drawMode":0,"name":"Shaded","section":"Shading Mode"},"sceneLighting":true,"audioPlay":false,"sceneViewState":{"showFog":true,"showMaterialUpdate":true,"showSkybox":true,"showFlares":true,"showImageEffects":true,"showParticleSystems":true},"in2DMode":false,"pivot":{"x":-7.175054550170898,"y":7.529626846313477,"z":-19.99395751953125},"rotation":{"x":0.1915542036294937,"y":0.0068151443265378479,"z":0.0073676155880093578,"w":0.9835556745529175},"size":1.1827938556671143,"orthographic":false}