{"cameraMode":{"drawMode":0,"name":"Shaded","section":"Shading Mode"},"sceneLighting":false,"audioPlay":false,"sceneViewState":{"showFog":true,"showMaterialUpdate":true,"showSkybox":true,"showFlares":true,"showImageEffects":true,"showParticleSystems":true},"in2DMode":false,"pivot":{"x":-8.620014190673829,"y":-0.20980453491210938,"z":4.86372184753418},"rotation":{"x":0.15388788282871247,"y":-0.07767370343208313,"z":0.010963783599436283,"w":0.9855709075927734},"size":19.284412384033204,"orthographic":false}