{"cameraMode":{"drawMode":0,"name":"Shaded","section":"Shading Mode"},"sceneLighting":false,"audioPlay":false,"sceneViewState":{"showFog":true,"showMaterialUpdate":true,"showSkybox":false,"showFlares":true,"showImageEffects":true,"showParticleSystems":true},"in2DMode":false,"pivot":{"x":-6.493500709533691,"y":6.086933135986328,"z":-4.6100006103515629},"rotation":{"x":0.15034815669059754,"y":-0.3659389615058899,"z":0.07208508253097534,"w":0.9179193377494812},"size":19.222314834594728,"orthographic":false}