{"cameraMode":{"drawMode":0,"name":"Shaded","section":"Shading Mode"},"sceneLighting":false,"audioPlay":false,"sceneViewState":{"showFog":false,"showMaterialUpdate":false,"showSkybox":false,"showFlares":false,"showImageEffects":false,"showParticleSystems":false},"in2DMode":false,"pivot":{"x":-0.016605138778686525,"y":-0.48726314306259158,"z":1.9136035442352296},"rotation":{"x":-0.09329681843519211,"y":-0.7676861882209778,"z":0.11723379790782929,"w":-0.6239570379257202},"size":0.9042519330978394,"orthographic":false}