{"cameraMode":{"drawMode":0,"name":"Shaded","section":"Shading Mode"},"sceneLighting":false,"audioPlay":false,"sceneViewState":{"showFog":true,"showMaterialUpdate":true,"showSkybox":true,"showFlares":true,"showImageEffects":true,"showParticleSystems":true},"in2DMode":false,"pivot":{"x":-11.92918872833252,"y":5.703128337860107,"z":-3.4993786811828615},"rotation":{"x":-0.06124675273895264,"y":0.9324771761894226,"z":-0.30686289072036745,"w":-0.1897331178188324},"size":2.8079400062561037,"orthographic":false}