{"cameraMode":{"drawMode":0,"name":"Shaded","section":"Shading Mode"},"sceneLighting":true,"audioPlay":false,"sceneViewState":{"showFog":true,"showMaterialUpdate":true,"showSkybox":false,"showFlares":true,"showImageEffects":true,"showParticleSystems":true},"in2DMode":false,"pivot":{"x":-13.788822174072266,"y":-14.664985656738282,"z":-9.941352844238282},"rotation":{"x":0.07135631144046784,"y":0.9250867366790772,"z":-0.19369475543498994,"w":0.32291293144226076},"size":1.1895695924758912,"orthographic":false}