{"cameraMode":{"drawMode":0,"name":"Shaded","section":"Shading Mode"},"sceneLighting":true,"audioPlay":false,"sceneViewState":{"showFog":true,"showMaterialUpdate":true,"showSkybox":true,"showFlares":true,"showImageEffects":true,"showParticleSystems":true},"in2DMode":false,"pivot":{"x":-20.375324249267579,"y":8.030045509338379,"z":5.686728477478027},"rotation":{"x":-0.1279955357313156,"y":0.7078373432159424,"z":-0.1387484073638916,"w":-0.6826750040054321},"size":2.8215389251708986,"orthographic":false}