{"cameraMode":{"drawMode":0,"name":"Shaded","section":"Shading Mode"},"sceneLighting":false,"audioPlay":false,"sceneViewState":{"showFog":true,"showMaterialUpdate":true,"showSkybox":false,"showFlares":true,"showImageEffects":true,"showParticleSystems":true},"in2DMode":false,"pivot":{"x":-18.399999618530275,"y":8.119999885559082,"z":5.210000038146973},"rotation":{"x":-0.16456590592861176,"y":-0.024571586400270463,"z":0.005224985536187887,"w":-0.9866294264793396},"size":0.8660253882408142,"orthographic":false}