{"cameraMode":{"drawMode":0,"name":"Shaded","section":"Shading Mode"},"sceneLighting":true,"audioPlay":false,"sceneViewState":{"showFog":true,"showMaterialUpdate":false,"showSkybox":true,"showFlares":true,"showImageEffects":true,"showParticleSystems":true},"in2DMode":false,"pivot":{"x":47.45494842529297,"y":37.29111099243164,"z":7.144208908081055},"rotation":{"x":-0.2600218653678894,"y":0.6265613436698914,"z":-0.23391732573509217,"w":-0.6964846253395081},"size":4.330127239227295,"orthographic":false}