{"cameraMode":{"drawMode":0,"name":"Shaded","section":"Shading Mode"},"sceneLighting":true,"audioPlay":false,"sceneViewState":{"showFog":true,"showMaterialUpdate":false,"showSkybox":false,"showFlares":true,"showImageEffects":true,"showParticleSystems":true},"in2DMode":false,"pivot":{"x":-0.3202707767486572,"y":1.1688333749771119,"z":0.16767644882202149},"rotation":{"x":0.003018176183104515,"y":0.9968276619911194,"z":-0.045792389661073688,"w":0.06530148535966873},"size":2.0165061950683595,"orthographic":false}