{"cameraMode":{"drawMode":0,"name":"Shaded","section":"Shading Mode"},"sceneLighting":true,"audioPlay":false,"sceneViewState":{"showFog":true,"showMaterialUpdate":true,"showSkybox":true,"showFlares":true,"showImageEffects":true,"showParticleSystems":true},"in2DMode":false,"pivot":{"x":-5.6750006675720219,"y":8.3307466506958,"z":-12.849241256713868},"rotation":{"x":-0.10222304612398148,"y":-0.6416569948196411,"z":0.07226574420928955,"w":-0.759504497051239},"size":2.8722827434539797,"orthographic":false}