{"cameraMode":{"drawMode":0,"name":"Shaded","section":"Shading Mode"},"sceneLighting":false,"audioPlay":false,"sceneViewState":{"showFog":true,"showMaterialUpdate":true,"showSkybox":false,"showFlares":true,"showImageEffects":true,"showParticleSystems":true},"in2DMode":false,"pivot":{"x":6.498000144958496,"y":1.5800000429153443,"z":-0.18199999630451203},"rotation":{"x":0.06221272796392441,"y":0.9349311590194702,"z":-0.14349502325057984,"w":0.32516518235206606},"size":10.0,"orthographic":false}