{"cameraMode":{"drawMode":0,"name":"Shaded","section":"Shading Mode"},"sceneLighting":true,"audioPlay":false,"sceneViewState":{"showFog":true,"showMaterialUpdate":false,"showSkybox":true,"showFlares":true,"showImageEffects":true,"showParticleSystems":true},"in2DMode":false,"pivot":{"x":41.13561248779297,"y":0.655364990234375,"z":26.917537689208986},"rotation":{"x":-0.16807498037815095,"y":0.4191659986972809,"z":-0.07925908267498017,"w":-0.8887148499488831},"size":15.104598045349121,"orthographic":false}