{"cameraMode":{"drawMode":0,"name":"Shaded","section":"Shading Mode"},"sceneLighting":true,"audioPlay":false,"sceneViewState":{"showFog":true,"showMaterialUpdate":true,"showSkybox":true,"showFlares":true,"showImageEffects":true,"showParticleSystems":true},"in2DMode":false,"pivot":{"x":-6.059999465942383,"y":3.1999998092651369,"z":-13.95300006866455},"rotation":{"x":0.15438960492610932,"y":0.46568161249160769,"z":-0.0735233724117279,"w":0.8707215785980225},"size":4.330126762390137,"orthographic":false}