{"cameraMode":{"drawMode":0,"name":"Shaded","section":"Shading Mode"},"sceneLighting":false,"audioPlay":false,"sceneViewState":{"showFog":true,"showMaterialUpdate":true,"showSkybox":false,"showFlares":true,"showImageEffects":true,"showParticleSystems":true},"in2DMode":false,"pivot":{"x":-0.02112293243408203,"y":0.9316620826721191,"z":-0.13605785369873048},"rotation":{"x":0.07713586837053299,"y":0.8526129722595215,"z":-0.1148577407002449,"w":0.5081702470779419},"size":5.1987810134887699,"orthographic":false}