{"cameraMode":{"drawMode":0,"name":"Shaded","section":"Shading Mode"},"sceneLighting":true,"audioPlay":false,"sceneViewState":{"showFog":true,"showMaterialUpdate":true,"showSkybox":true,"showFlares":true,"showImageEffects":true,"showParticleSystems":true},"in2DMode":false,"pivot":{"x":-11.050000190734864,"y":2.109999895095825,"z":-13.1899995803833},"rotation":{"x":0.19732753932476045,"y":-0.052055858075618747,"z":0.010460090823471547,"w":0.9789291024208069},"size":0.8660253882408142,"orthographic":false}