{"cameraMode":{"drawMode":0,"name":"Shaded","section":"Shading Mode"},"sceneLighting":true,"audioPlay":false,"sceneViewState":{"showFog":true,"showMaterialUpdate":false,"showSkybox":true,"showFlares":true,"showImageEffects":true,"showParticleSystems":true},"in2DMode":false,"pivot":{"x":-3.7902965545654299,"y":7.236051559448242,"z":-12.221545219421387},"rotation":{"x":0.20835362374782563,"y":0.49559956789016726,"z":-0.12631140649318696,"w":0.8342456817626953},"size":2.0790112018585207,"orthographic":false}