{"cameraMode":{"drawMode":0,"name":"Shaded","section":"Shading Mode"},"sceneLighting":true,"audioPlay":false,"sceneViewState":{"showFog":true,"showMaterialUpdate":true,"showSkybox":true,"showFlares":true,"showImageEffects":true,"showParticleSystems":true},"in2DMode":false,"pivot":{"x":-0.6743342876434326,"y":8.923006057739258,"z":-8.844152450561524},"rotation":{"x":0.09849641472101212,"y":-0.24273422360420228,"z":0.0288681723177433,"w":0.9660359025001526},"size":4.131713390350342,"orthographic":false}