{"cameraMode":{"drawMode":0,"name":"Shaded","section":"Shading Mode"},"sceneLighting":true,"audioPlay":false,"sceneViewState":{"showFog":true,"showMaterialUpdate":false,"showSkybox":true,"showFlares":true,"showImageEffects":true,"showParticleSystems":true},"in2DMode":false,"pivot":{"x":3.89528226852417,"y":-0.7622294425964356,"z":2.60756254196167},"rotation":{"x":0.24037331342697144,"y":0.24966000020503999,"z":-0.06410698592662811,"w":0.9358595013618469},"size":6.663501262664795,"orthographic":false}