{"cameraMode":{"drawMode":0,"name":"Shaded","section":"Shading Mode"},"sceneLighting":true,"audioPlay":false,"sceneViewState":{"showFog":true,"showMaterialUpdate":false,"showSkybox":true,"showFlares":true,"showImageEffects":true,"showParticleSystems":true},"in2DMode":false,"pivot":{"x":-0.1756601333618164,"y":-0.5209941864013672,"z":7.302516460418701},"rotation":{"x":-0.2610546946525574,"y":0.2793410122394562,"z":-0.0792107805609703,"w":-0.9206230044364929},"size":6.9742431640625,"orthographic":false}