{"cameraMode":{"drawMode":0,"name":"Shaded","section":"Shading Mode"},"sceneLighting":true,"audioPlay":false,"sceneViewState":{"showFog":true,"showMaterialUpdate":true,"showSkybox":true,"showFlares":true,"showImageEffects":true,"showParticleSystems":true},"in2DMode":false,"pivot":{"x":-3.1703615188598635,"y":7.28258752822876,"z":-32.58768081665039},"rotation":{"x":-0.15257106721401215,"y":0.22457116842269898,"z":-0.03995056450366974,"w":-0.963018536567688},"size":10.669571876525879,"orthographic":false}