{"cameraMode":{"drawMode":0,"name":"Shaded","section":"Shading Mode"},"sceneLighting":true,"audioPlay":false,"sceneViewState":{"showFog":false,"showMaterialUpdate":false,"showSkybox":false,"showFlares":false,"showImageEffects":false,"showParticleSystems":false},"in2DMode":false,"pivot":{"x":153.62637329101563,"y":94.82215881347656,"z":-117.54029846191406},"rotation":{"x":0.0504731684923172,"y":0.1625506579875946,"z":-0.009261023253202439,"w":0.9859328866004944},"size":27.878604888916017,"orthographic":false}