{"cameraMode":{"drawMode":0,"name":"Shaded","section":"Shading Mode"},"sceneLighting":true,"audioPlay":false,"sceneViewState":{"showFog":true,"showMaterialUpdate":false,"showSkybox":false,"showFlares":true,"showImageEffects":true,"showParticleSystems":true},"in2DMode":false,"pivot":{"x":0.26454436779022219,"y":-0.5827674865722656,"z":1.0867911577224732},"rotation":{"x":-0.1853274255990982,"y":0.731781542301178,"z":-0.2194184958934784,"w":-0.6181058287620544},"size":2.0165061950683595,"orthographic":false}