{"cameraMode":{"drawMode":0,"name":"Shaded","section":"Shading Mode"},"sceneLighting":true,"audioPlay":false,"sceneViewState":{"showFog":true,"showMaterialUpdate":true,"showSkybox":true,"showFlares":true,"showImageEffects":true,"showParticleSystems":true},"in2DMode":false,"pivot":{"x":-7.601071834564209,"y":3.280360221862793,"z":-14.670811653137207},"rotation":{"x":0.011951497755944729,"y":-0.9819374680519104,"z":0.14383858442306519,"w":0.13863377273082734},"size":3.007394790649414,"orthographic":false}