{"cameraMode":{"drawMode":0,"name":"Shaded","section":"Shading Mode"},"sceneLighting":false,"audioPlay":false,"sceneViewState":{"showFog":true,"showMaterialUpdate":true,"showSkybox":true,"showFlares":true,"showImageEffects":true,"showParticleSystems":true},"in2DMode":false,"pivot":{"x":-15.116813659667969,"y":15.351308822631836,"z":-3.0727813243865969},"rotation":{"x":-0.04987454414367676,"y":-0.6817681193351746,"z":0.04423486068844795,"w":-0.7303283214569092},"size":1.7320507764816285,"orthographic":false}