{"cameraMode":{"drawMode":0,"name":"Shaded","section":"Shading Mode"},"sceneLighting":false,"audioPlay":false,"sceneViewState":{"showFog":true,"showMaterialUpdate":true,"showSkybox":true,"showFlares":true,"showImageEffects":true,"showParticleSystems":true},"in2DMode":false,"pivot":{"x":-9.61763858795166,"y":6.680519104003906,"z":-5.583227157592773},"rotation":{"x":0.17568153142929078,"y":-0.26985424757003786,"z":0.04899675026535988,"w":0.94609135389328},"size":3.9042513370513918,"orthographic":false}