{"cameraMode":{"drawMode":0,"name":"Shaded","section":"Shading Mode"},"sceneLighting":false,"audioPlay":false,"sceneViewState":{"showFog":false,"showMaterialUpdate":false,"showSkybox":false,"showFlares":false,"showImageEffects":false,"showParticleSystems":false},"in2DMode":false,"pivot":{"x":9.76577377319336,"y":-2.2258174419403078,"z":-0.836881160736084},"rotation":{"x":-0.09329681843519211,"y":-0.7676861882209778,"z":0.11723379790782929,"w":-0.6239570379257202},"size":7.954359531402588,"orthographic":false}