{"cameraMode":{"drawMode":0,"name":"Shaded","section":"Shading Mode"},"sceneLighting":true,"audioPlay":false,"sceneViewState":{"showFog":true,"showMaterialUpdate":true,"showSkybox":true,"showFlares":true,"showImageEffects":true,"showParticleSystems":true},"in2DMode":false,"pivot":{"x":-13.343728065490723,"y":11.414589881896973,"z":-35.500030517578128},"rotation":{"x":0.24475710093975068,"y":0.2747216820716858,"z":-0.06469806283712387,"w":0.9298919439315796},"size":9.550000190734864,"orthographic":false}