{"cameraMode":{"drawMode":0,"name":"Shaded","section":"Shading Mode"},"sceneLighting":true,"audioPlay":false,"sceneViewState":{"showFog":true,"showMaterialUpdate":true,"showSkybox":false,"showFlares":true,"showImageEffects":true,"showParticleSystems":true},"in2DMode":false,"pivot":{"x":229.28228759765626,"y":280.7996826171875,"z":17.147491455078126},"rotation":{"x":-0.13543473184108735,"y":0.02943716198205948,"z":-0.004005125258117914,"w":-0.990372896194458},"size":196.0390625,"orthographic":false}