{"cameraMode":{"drawMode":0,"name":"Shaded","section":"Shading Mode"},"sceneLighting":false,"audioPlay":false,"sceneViewState":{"showFog":true,"showMaterialUpdate":true,"showSkybox":true,"showFlares":true,"showImageEffects":true,"showParticleSystems":true},"in2DMode":false,"pivot":{"x":239.96896362304688,"y":27.34661865234375,"z":0.0},"rotation":{"x":-0.16456590592861176,"y":-0.024571586400270463,"z":0.005224985536187887,"w":-0.9866294264793396},"size":77.01917266845703,"orthographic":false}