{"cameraMode":{"drawMode":0,"name":"Shaded","section":"Shading Mode"},"sceneLighting":false,"audioPlay":false,"sceneViewState":{"showFog":true,"showMaterialUpdate":true,"showSkybox":true,"showFlares":true,"showImageEffects":true,"showParticleSystems":true},"in2DMode":false,"pivot":{"x":-15.244760513305664,"y":-2.1586055755615236,"z":-1.781890869140625},"rotation":{"x":0.14321838319301606,"y":-0.26798656582832339,"z":0.038669586181640628,"w":0.9525413513183594},"size":10.664575576782227,"orthographic":false}