{"cameraMode":{"drawMode":0,"name":"Shaded","section":"Shading Mode"},"sceneLighting":false,"audioPlay":false,"sceneViewState":{"showFog":false,"showMaterialUpdate":false,"showSkybox":false,"showFlares":false,"showImageEffects":false,"showParticleSystems":false},"in2DMode":false,"pivot":{"x":-5.965000152587891,"y":7.414999961853027,"z":-25.139999389648439},"rotation":{"x":0.16768287122249604,"y":-0.6841546893119812,"z":0.1649496704339981,"w":0.6911856532096863},"size":8.7356595993042,"orthographic":false}