{"cameraMode":{"drawMode":0,"name":"Shaded","section":"Shading Mode"},"sceneLighting":false,"audioPlay":false,"sceneViewState":{"showFog":true,"showMaterialUpdate":true,"showSkybox":true,"showFlares":true,"showImageEffects":true,"showParticleSystems":true},"in2DMode":false,"pivot":{"x":-24.023162841796876,"y":4.2941789627075199,"z":27.37202262878418},"rotation":{"x":-0.018558021634817125,"y":0.13785995543003083,"z":-0.010640536434948445,"w":-0.99237459897995},"size":26.751384735107423,"orthographic":false}