{"cameraMode":{"drawMode":0,"name":"Shaded","section":"Shading Mode"},"sceneLighting":true,"audioPlay":false,"sceneViewState":{"showFog":true,"showMaterialUpdate":false,"showSkybox":true,"showFlares":true,"showImageEffects":true,"showParticleSystems":true},"in2DMode":false,"pivot":{"x":-21.592811584472658,"y":24.97560691833496,"z":-4.048116683959961},"rotation":{"x":0.2628590762615204,"y":0.6507005095481873,"z":-0.25974196195602419,"w":0.6641501188278198},"size":2.3790111541748049,"orthographic":false}