{"cameraMode":{"drawMode":0,"name":"Shaded","section":"Shading Mode"},"sceneLighting":false,"audioPlay":false,"sceneViewState":{"showFog":true,"showMaterialUpdate":true,"showSkybox":true,"showFlares":true,"showImageEffects":true,"showParticleSystems":true},"in2DMode":false,"pivot":{"x":-6.367731094360352,"y":2.0,"z":-14.321000099182129},"rotation":{"x":-0.13183148205280305,"y":0.14506970345973969,"z":-0.023716749623417856,"w":-0.981694221496582},"size":1.1445523500442505,"orthographic":false}