{"cameraMode":{"drawMode":0,"name":"Shaded","section":"Shading Mode"},"sceneLighting":true,"audioPlay":false,"sceneViewState":{"showFog":true,"showMaterialUpdate":true,"showSkybox":true,"showFlares":true,"showImageEffects":true,"showParticleSystems":true},"in2DMode":false,"pivot":{"x":-8.267963409423829,"y":2.967863082885742,"z":-9.940007209777832},"rotation":{"x":0.043279848992824557,"y":-0.9458604454994202,"z":0.2773516774177551,"w":0.17576658725738526},"size":4.426983833312988,"orthographic":false}