{"cameraMode":{"drawMode":0,"name":"Shaded","section":"Shading Mode"},"sceneLighting":false,"audioPlay":false,"sceneViewState":{"showFog":true,"showMaterialUpdate":true,"showSkybox":true,"showFlares":true,"showImageEffects":true,"showParticleSystems":true},"in2DMode":false,"pivot":{"x":-7.221206188201904,"y":2.4776580333709719,"z":-18.828372955322267},"rotation":{"x":-0.011724703945219517,"y":0.9872957468032837,"z":-0.14788509905338288,"w":-0.06634946167469025},"size":3.330622434616089,"orthographic":false}