{"cameraMode":{"drawMode":0,"name":"Shaded","section":"Shading Mode"},"sceneLighting":true,"audioPlay":false,"sceneViewState":{"showFog":true,"showMaterialUpdate":false,"showSkybox":true,"showFlares":true,"showImageEffects":true,"showParticleSystems":true},"in2DMode":false,"pivot":{"x":22.853708267211915,"y":2.1071159839630129,"z":-12.848810195922852},"rotation":{"x":0.226640522480011,"y":-0.22153723239898683,"z":0.05301586166024208,"w":0.9469902515411377},"size":1.9262257814407349,"orthographic":false}