{"cameraMode":{"drawMode":0,"name":"Shaded","section":"Shading Mode"},"sceneLighting":true,"audioPlay":false,"sceneViewState":{"showFog":false,"showMaterialUpdate":false,"showSkybox":false,"showFlares":false,"showImageEffects":false,"showParticleSystems":false},"in2DMode":false,"pivot":{"x":-0.24611568450927735,"y":4.567651748657227,"z":-19.04245948791504},"rotation":{"x":0.22476094961166383,"y":-0.3161332905292511,"z":0.07736310362815857,"w":0.918453574180603},"size":12.461819648742676,"orthographic":false}