{"cameraMode":{"drawMode":0,"name":"Shaded","section":"Shading Mode"},"sceneLighting":true,"audioPlay":false,"sceneViewState":{"showFog":true,"showMaterialUpdate":true,"showSkybox":true,"showFlares":true,"showImageEffects":true,"showParticleSystems":true},"in2DMode":false,"pivot":{"x":-6.1429033279418949,"y":0.45383191108703616,"z":-7.951455116271973},"rotation":{"x":0.13903583586215974,"y":-0.013368647545576096,"z":0.0018771541072055698,"w":0.990199089050293},"size":3.7033722400665285,"orthographic":false}