{"cameraMode":{"drawMode":0,"name":"Shaded","section":"Shading Mode"},"sceneLighting":true,"audioPlay":false,"sceneViewState":{"showFog":true,"showMaterialUpdate":true,"showSkybox":true,"showFlares":true,"showImageEffects":true,"showParticleSystems":true},"in2DMode":false,"pivot":{"x":-33.93630599975586,"y":5.7521891593933109,"z":-1.1791267395019532},"rotation":{"x":0.008960459381341935,"y":-0.5212921500205994,"z":0.005473695229738951,"w":0.8533140420913696},"size":21.523733139038087,"orthographic":false}