{"cameraMode":{"drawMode":0,"name":"Shaded","section":"Shading Mode"},"sceneLighting":true,"audioPlay":false,"sceneViewState":{"showFog":true,"showMaterialUpdate":true,"showSkybox":false,"showFlares":true,"showImageEffects":true,"showParticleSystems":true},"in2DMode":false,"pivot":{"x":-10.555231094360352,"y":5.087140083312988,"z":4.39012336730957},"rotation":{"x":0.1414211094379425,"y":0.00445530004799366,"z":-0.0006361746345646679,"w":0.9899412393569946},"size":17.191967010498048,"orthographic":false}