{"cameraMode":{"drawMode":0,"name":"Shaded","section":"Shading Mode"},"sceneLighting":true,"audioPlay":false,"sceneViewState":{"showFog":false,"showMaterialUpdate":false,"showSkybox":false,"showFlares":false,"showImageEffects":false,"showParticleSystems":false},"in2DMode":false,"pivot":{"x":-7.8962602615356449,"y":9.221162796020508,"z":-10.833656311035157},"rotation":{"x":0.05846569314599037,"y":-0.005989920347929001,"z":0.0003509777889121324,"w":0.998272716999054},"size":10.820384979248047,"orthographic":false}