{"cameraMode":{"drawMode":0,"name":"Shaded","section":"Shading Mode"},"sceneLighting":true,"audioPlay":false,"sceneViewState":{"showFog":true,"showMaterialUpdate":true,"showSkybox":true,"showFlares":true,"showImageEffects":true,"showParticleSystems":true},"in2DMode":false,"pivot":{"x":-5.889737129211426,"y":1.6511152982711793,"z":-5.098926544189453},"rotation":{"x":0.08529157191514969,"y":0.0492989644408226,"z":-0.004225222859531641,"w":0.995128333568573},"size":4.766025543212891,"orthographic":false}