{"cameraMode":{"drawMode":0,"name":"Shaded","section":"Shading Mode"},"sceneLighting":true,"audioPlay":false,"sceneViewState":{"showFog":true,"showMaterialUpdate":true,"showSkybox":false,"showFlares":true,"showImageEffects":true,"showParticleSystems":true},"in2DMode":false,"pivot":{"x":-1.8846559524536133,"y":0.4547889232635498,"z":-22.747509002685548},"rotation":{"x":0.019983230158686639,"y":0.9478337168693543,"z":-0.06064760312438011,"w":0.31231045722961428},"size":10.732287406921387,"orthographic":false}