{"cameraMode":{"drawMode":0,"name":"Shaded","section":"Shading Mode"},"sceneLighting":true,"audioPlay":false,"sceneViewState":{"showFog":true,"showMaterialUpdate":true,"showSkybox":false,"showFlares":true,"showImageEffects":true,"showParticleSystems":true},"in2DMode":false,"pivot":{"x":-2.963275671005249,"y":3.271744728088379,"z":-6.640783309936523},"rotation":{"x":-0.14793939888477326,"y":0.014560777693986893,"z":-0.002178459893912077,"w":-0.9888918399810791},"size":14.373663902282715,"orthographic":false}